ime,prezime,pol,godine
Marina,Mileticki,ženski,20
Pavle,Maoduš,muški,21
Radovan,Stanimirović,muški,21
Milomir,Stanimirović,muški,21
Nina,Mileticki,ženski,20
Vladimir,Maoduš,muški,23
Pavle,Trivunović,muški,24
Milana,Stanimirović,ženski,20
Valerija,Stanimirović,ženski,18
Radovan,Stanimirović,muški,22
Mladen,Maoduš,muški,23
Marina,Maoduš,ženski,23
Radovan,Mileticki,muški,21
Milana,Maoduš,ženski,19
Petra,Stanković,ženski,22
Milomir,Maoduš,muški,25
Mladen,Stanimirović,muški,24
Valerija,Maoduš,ženski,22
Vladimir,Stanimirović,muški,23
Nina,Mileticki,ženski,22
Mladen,Maoduš,muški,20
Nina,Stanković,ženski,24
Milana,Stanković,ženski,21
Pavle,Stanimirović,muški,23
Valerija,Trivunović,ženski,24
Vladimir,Stanimirović,muški,19
Vladimir,Trivunović,muški,22
Mladen,Stanković,muški,18
Vladimir,Maoduš,muški,22
Radovan,Maoduš,muški,19
Milomir,Stanković,muški,18
Petra,Stanković,ženski,25
Marina,Maoduš,ženski,22
Nina,Stanković,ženski,22
Marina,Trivunović,ženski,22
Nina,Stanković,ženski,23
Mladen,Trivunović,muški,24
Vladimir,Maoduš,muški,18
Nina,Stanimirović,ženski,24
Pavle,Stanimirović,muški,21
Vladimir,Maoduš,muški,18
Marina,Mileticki,ženski,21
Milomir,Trivunović,muški,19
Pavle,Mileticki,muški,22
Mladen,Trivunović,muški,20
Radovan,Maoduš,muški,21
Marina,Maoduš,ženski,25
Radovan,Stanković,muški,21
Valerija,Stanković,ženski,19
Milana,Stanković,ženski,21
